﻿<project version="2.9" name="Project" ID="60F594F4-EAA8-4417-B962-25C31D1CF4B5">
  <params>
    <pageParam version="5.1" minAllowVersion="5.1"/>
    <projectParam version="2.9" minAllowVersion="2.9" platform="MtWeb" pageSize="(1100,6000)" backgroundColor="4294967295" fontSize="0" fontFamily="" projectType="ptPersonalProject" isShowTitleIndex="False"/>
    <previewParam version="1.0"/>
    <colorParam version="1.0"/>
  </params>
  <pages>
    <page name="Page" ID="7FB8B2A4-514F-4F1F-8957-2934989C8814" expanded="True" code="cvOnnVNcsY" thumbCode="" status="psWhite" isfolder="False" isshownode="True">
      <images>
        <image key="C2DA32AD73BD4A46DCAE15462637BA6C.svg"/>
      </images>
    </page>
  </pages>
  <trash/>
  <deletes/>
  <masters/>
  <images>
    <image key="C2DA32AD73BD4A46DCAE15462637BA6C.svg"/>
  </images>
</project>