﻿<mockup version="5.1" minAllowVersion="5.1" ID="DC49F268-F3A1-4187-9D18-9510A68BB21A" platform="MtWeb" defaultW="1100" defaultH="6000" measureW="1100" measureH="6000" mobileScreenScale="0">
  <controls controlCount="9">
    <control controlID="E04759C4-A961-4BAF-8BAE-46502C563B6F" controlTypeID="Panel" x="0" y="46" w="1100" h="939" zOrder="0">
      <borderVisible>False</borderVisible>
      <groupChildrenDescriptors>
        <control controlID="43D2969A-8685-4FCB-821C-F8C61FC65EBA" controlTypeID="Accordion" x="0" y="0" w="1100" h="520" zOrder="0">
          <sizeLocked>True</sizeLocked>
          <color>4285762972</color>
          <borderColor>4294914816</borderColor>
          <borderVisible>False</borderVisible>
          <font family="Segoe+UI" displayName="Segoe+UI" postScript="" weightStyle="Regular" weight="400" isBold="False" isItalic="False"/>
          <text>Server+Side+Web+Server%0D%0A-%0D%0ADynamic+Websites+%0D%0AServer-Side+Scripting+Disadvantages%0D%0APassing+Instructions+to+the+Web+Server</text>
          <textColor>4294967295</textColor>
          <textSize>20</textSize>
          <textAlign>HaCenter</textAlign>
          <lineSpacing>0</lineSpacing>
          <useDefaultTextSize>False</useDefaultTextSize>
          <selectedColor>4294274667</selectedColor>
        </control>
        <control controlID="368B2E2E-B6C3-4441-A16B-BB8A75C1A1CA" controlTypeID="Panel" x="20" y="46" w="1060" h="374" zOrder="1">
          <borderColor>6710886</borderColor>
          <opacity>0.5</opacity>
          <groupChildrenDescriptors>
            <control controlID="099868B9-E21E-401D-9C09-CC7C2A47ABF5" controlTypeID="Border" x="0" y="0" w="1060" h="374" zOrder="0">
              <borderColor>6710886</borderColor>
              <alias>borderLayer</alias>
            </control>
          </groupChildrenDescriptors>
          <thinkness>1</thinkness>
        </control>
        <control controlID="8367046C-47EE-442C-9C35-4B6A6F15754E" controlTypeID="Border" x="0" y="0" w="1100" h="939" zOrder="2">
          <borderVisible>False</borderVisible>
          <alias>borderLayer</alias>
        </control>
      </groupChildrenDescriptors>
      <thinkness>1</thinkness>
    </control>
    <control controlID="C33C37B3-EE53-4340-A999-44723F60E320" controlTypeID="MenuBar" x="0" y="0" w="1100" h="48" zOrder="1">
      <color>4281681745</color>
      <font family="Segoe+UI" displayName="Segoe+UI" postScript="" weightStyle="Regular" weight="400" isBold="False" isItalic="False"/>
      <text>WebTech+Finals%2CSSWS%2CJava+Servlets%2CPHP%2CNode.js%2CASP%2CQuizzes</text>
      <textColor>4294242018</textColor>
      <textSize>14</textSize>
      <lineSpacing>0</lineSpacing>
      <selectedIndex>1</selectedIndex>
      <selectedColor>4285762972</selectedColor>
    </control>
    <control controlID="158CA6F4-7313-445D-8627-086C1B17D061" controlTypeID="Search" x="883" y="12" w="197" h="24" zOrder="2">
      <font family="Segoe+UI" displayName="Segoe+UI" postScript="" weightStyle="Regular" weight="400" isBold="False" isItalic="False"/>
      <textSize>14</textSize>
      <textVAlign>VaTop</textVAlign>
      <lineSpacing>0</lineSpacing>
      <selectedIndex>-1</selectedIndex>
    </control>
    <control controlID="8404FEEB-57D9-4F10-B4B6-178003E82CD4" controlTypeID="TextArea" x="35" y="123" w="1045" h="308" zOrder="3">
      <font family="Segoe+UI" displayName="Segoe+UI" postScript="" weightStyle="Regular" weight="400" isBold="False" isItalic="False"/>
      <text>Server-side+scripting+serves+as+an+interface+to+limit+client+access+to+resources+on+the+web+server.%0D%0A%0D%0AServer-Side+Scripting+concerns+itself+more+on+the+back-end+side+of+Web+development+or+any+occurrences+inside+the+server.+SSWS+is+used+in+creating+dynamic+websites%2C+any+scripting+or+programming+that+runs+on+a+server+is+referred+to+as+server-side+scripting.%0D%0A%0D%0AEarliest+forms+of+SSWS+was+done+through+CGI+or+Common+Gateway+Interface+and+it+was+a+method+of+running+scripts+from+programming+languages+like+C%2B+or+Perl+on+websites.+This+was+soon+followed+by+multitudes+of+programming+languages+and+frameworks+like+PHP%2C+Java%2C+.NET%2C+ColdFusion%2C+Node.js+and+others+have+given+developers+more+options+to+use+for+development+of+dynamic+websites%0D%0A</text>
      <textSize>18</textSize>
      <useDefaultTextSize>False</useDefaultTextSize>
      <selectedIndex>-1</selectedIndex>
    </control>
    <control controlID="1B8B46FF-0C98-4F79-80DC-6E834A469E4A" controlTypeID="Icon" x="1066" y="53" w="24" h="24" zOrder="4">
      <color>4294242018</color>
      <icon>
        <ID/>
        <iconFontName>jdIonicons</iconFontName>
        <iconCode>62303</iconCode>
      </icon>
      <URL>C2DA32AD73BD4A46DCAE15462637BA6C.svg</URL>
    </control>
  </controls>
  <param>
    <backgroundColor>4294967295</backgroundColor>
    <fontSize>0</fontSize>
    <fontFamily/>
    <guideLines/>
  </param>
</mockup>